Flare_ID,Date,Company,LGA,Flow_Station,Flared_Volume_Mscf,Gas_Utilization_Pct,Flared_Volume_MMscf,CO2_Emissions_Tonnes,Penalty_USD,Power_Potential_MWh,Households_Powerable
FLR-2024-0279,2024-01-01,ExxonMobil,Gokana,FS-004,10678.52,46.91,10.6785,567.24,21357.04,124.94,15201.0
FLR-2024-0019,2024-01-01,SPDC,Emeoha,FS-009,6763.2,21.73,6.7632,359.26,13526.4,79.13,9627.0
FLR-2024-0078,2024-01-02,NDPR,Ahoada West,FS-002,1573.65,11.75,1.5736,83.59,3147.3,18.41,2240.0
FLR-2024-0124,2024-01-02,ExxonMobil,Ahoada West,FS-003,2095.75,47.08,2.0957,111.33,4191.5,24.52,2983.0
FLR-2024-0033,2024-01-02,SPDC,Emeoha,FS-011,1443.25,11.08,1.4432,76.67,2886.5,16.89,2055.0
FLR-2024-0055,2024-01-07,NAOC,Gokana,FS-007,9169.55,15.29,9.1695,487.09,18339.1,107.28,13052.0
FLR-2024-0100,2024-01-10,SPDC,Bonny,FS-011,2064.43,66.59,2.0644,109.66,4128.86,24.15,2938.0
FLR-2024-0152,2024-01-11,ExxonMobil,Ahoada West,FS-010,3973.65,51.88,3.9736,211.08,7947.3,46.49,5656.0
FLR-2024-0066,2024-01-11,NDPR,Ahoada West,FS-004,8369.09,38.96,8.3691,444.57,16738.18,97.92,11914.0
FLR-2024-0164,2024-01-12,ExxonMobil,Gokana,FS-005,8268.73,53.75,8.2687,439.23,16537.46,96.74,11770.0
FLR-2024-0281,2024-01-13,NDPR,Oyigbo,FS-014,13405.08,44.44,13.4051,712.08,26810.16,156.84,19082.0
FLR-2024-0145,2024-01-14,NDPR,Ikwerre,FS-015,4630.19,70.96,4.6302,245.96,9260.38,54.17,6591.0
FLR-2024-0291,2024-01-22,ExxonMobil,Ikwerre,FS-013,942.25,20.41,0.9422,50.05,1884.5,11.02,1341.0
FLR-2024-0197,2024-01-23,NAOC,Ahoada West,FS-009,11026.36,53.77,11.0264,585.72,22052.72,129.01,15696.0
FLR-2024-0143,2024-01-23,ExxonMobil,Ikwerre,FS-002,7710.1,38.07,7.7101,409.56,15420.2,90.21,10976.0
FLR-2024-0111,2024-01-28,ExxonMobil,Ikwerre,FS-013,4701.4,33.95,4.7014,249.74,9402.8,55.01,6693.0
FLR-2024-0154,2024-01-31,SPDC,Oyigbo,FS-009,7597.07,77.98,7.5971,403.56,15194.14,88.89,10815.0
FLR-2024-0185,2024-02-04,NDPR,Bonny,FS-004,4240.15,53.82,4.2402,225.24,8480.3,49.61,6036.0
FLR-2024-0269,2024-02-15,NAOC,Bonny,FS-012,5712.62,77.81,5.7126,303.45,11425.24,66.84,8132.0
FLR-2024-0263,2024-02-17,SPDC,Ikwerre,FS-009,2531.22,20.23,2.5312,134.46,5062.44,29.62,3604.0
FLR-2024-0123,2024-02-19,NAOC,Bonny,FS-014,5111.05,16.84,5.1111,271.5,10222.1,59.8,7276.0
FLR-2024-0063,2024-02-19,SPDC,Ahoada West,FS-002,12516.69,44.37,12.5167,664.89,25033.38,146.45,17818.0
FLR-2024-0090,2024-02-22,NDPR,Gokana,FS-001,7347.12,70.51,7.3471,390.28,14694.24,85.96,10458.0
FLR-2024-0121,2024-02-23,ExxonMobil,Ikwerre,FS-014,12207.88,69.37,12.2079,648.48,24415.76,142.83,17378.0
FLR-2024-0029,2024-02-23,NDPR,Bonny,FS-005,9090.01,41.47,9.09,482.86,18180.02,106.35,12939.0
FLR-2024-0106,2024-02-23,NDPR,Bonny,FS-010,4114.74,77.16,4.1147,218.57,8229.48,48.14,5857.0
FLR-2024-0205,2024-03-01,SPDC,Ikwerre,FS-008,9293.22,61.35,9.2932,493.66,18586.44,108.73,13229.0
FLR-2024-0061,2024-03-03,NAOC,Ikwerre,FS-013,6135.82,39.11,6.1358,325.93,12271.64,71.79,8734.0
FLR-2024-0293,2024-03-05,TotalEnergies,Ikwerre,FS-005,12427.71,23.64,12.4277,660.16,24855.42,145.4,17690.0
FLR-2024-0096,2024-03-07,SPDC,Emeoha,FS-004,7660.04,79.81,7.66,406.9,15320.08,89.62,10904.0
FLR-2024-0091,2024-03-08,NDPR,Oyigbo,FS-009,2234.12,84.29,2.2341,118.68,4468.24,26.14,3180.0
FLR-2024-0065,2024-03-08,NAOC,Gokana,FS-009,4573.55,80.61,4.5736,242.95,9147.1,53.51,6510.0
FLR-2024-0034,2024-03-08,ExxonMobil,Emeoha,FS-010,14258.84,18.71,14.2588,757.43,28517.68,166.83,20298.0
FLR-2024-0227,2024-03-09,NDPR,Eleme,FS-007,14608.65,41.11,14.6086,776.01,29217.3,170.92,20795.0
FLR-2024-0144,2024-03-09,SPDC,Bonny,FS-007,4862.74,37.8,4.8627,258.31,9725.48,56.89,6922.0
FLR-2024-0239,2024-03-10,NDPR,Oyigbo,FS-014,9859.35,43.79,9.8594,523.73,19718.7,115.35,14034.0
FLR-2024-0017,2024-03-11,NDPR,Bonny,FS-014,4911.51,40.67,4.9115,260.9,9823.02,57.46,6991.0
FLR-2024-0042,2024-03-13,NAOC,Emeoha,FS-010,7680.07,45.51,7.6801,407.97,15360.14,89.86,10933.0
FLR-2024-0052,2024-03-13,ExxonMobil,Bonny,FS-012,11739.43,74.24,11.7394,623.6,23478.86,137.35,16711.0
FLR-2024-0005,2024-03-14,NAOC,Gokana,FS-014,2762.27,64.46,2.7623,146.73,5524.54,32.32,3932.0
FLR-2024-0036,2024-03-15,NDPR,Ahoada West,FS-001,12221.76,13.05,12.2218,649.22,24443.52,143.0,17398.0
FLR-2024-0146,2024-03-18,NAOC,Ikwerre,FS-007,1034.86,81.04,1.0349,54.97,2069.72,12.11,1473.0
FLR-2024-0110,2024-03-18,TotalEnergies,Ahoada West,FS-004,1616.21,16.85,1.6162,85.85,3232.42,18.91,2301.0
FLR-2024-0221,2024-03-26,NDPR,Gokana,FS-002,10035.39,54.56,10.0354,533.08,20070.78,117.41,14285.0
FLR-2024-0297,2024-03-27,TotalEnergies,Oyigbo,FS-013,11664.91,60.07,11.6649,619.64,23329.82,136.48,16605.0
FLR-2024-0102,2024-03-30,ExxonMobil,Bonny,FS-002,9727.95,77.69,9.728,516.75,19455.9,113.82,13848.0
FLR-2024-0125,2024-03-31,SPDC,Emeoha,FS-015,3805.06,14.32,3.8051,202.12,7610.12,44.52,5417.0
FLR-2024-0007,2024-04-02,NAOC,Gokana,FS-007,1342.21,48.72,1.3422,71.3,2684.42,15.7,1910.0
FLR-2024-0105,2024-04-07,SPDC,Emeoha,FS-007,13659.71,34.0,13.6597,725.6,27319.42,159.82,19445.0
FLR-2024-0006,2024-04-08,NAOC,Gokana,FS-001,2761.92,83.19,2.7619,146.71,5523.84,32.31,3931.0
FLR-2024-0120,2024-04-09,NAOC,Bonny,FS-010,8320.46,66.43,8.3205,441.98,16640.92,97.35,11844.0
FLR-2024-0225,2024-04-10,NDPR,Emeoha,FS-002,4345.43,72.87,4.3454,230.83,8690.86,50.84,6186.0
FLR-2024-0192,2024-04-11,SPDC,Ikwerre,FS-011,13509.63,56.51,13.5096,717.63,27019.26,158.06,19231.0
FLR-2024-0157,2024-04-11,ExxonMobil,Ahoada West,FS-004,10245.97,10.85,10.246,544.27,20491.94,119.88,14585.0
FLR-2024-0215,2024-04-12,SPDC,Oyigbo,FS-008,10826.6,13.39,10.8266,575.11,21653.2,126.67,15412.0
FLR-2024-0002,2024-04-13,ExxonMobil,Ahoada West,FS-002,14285.36,49.85,14.2854,758.84,28570.72,167.14,20335.0
FLR-2024-0283,2024-04-15,TotalEnergies,Emeoha,FS-014,5945.95,46.95,5.946,315.85,11891.9,69.57,8464.0
FLR-2024-0255,2024-04-15,NAOC,Oyigbo,FS-012,2957.64,75.75,2.9576,157.11,5915.28,34.6,4210.0
FLR-2024-0041,2024-04-16,NAOC,Oyigbo,FS-010,2269.55,46.87,2.2696,120.56,4539.1,26.55,3230.0
FLR-2024-0204,2024-04-21,SPDC,Bonny,FS-014,13529.04,71.03,13.529,718.66,27058.08,158.29,19259.0
FLR-2024-0133,2024-04-23,NDPR,Gokana,FS-011,2238.05,56.37,2.2381,118.89,4476.1,26.19,3186.0
FLR-2024-0183,2024-04-27,ExxonMobil,Gokana,FS-011,13908.06,44.09,13.9081,738.8,27816.12,162.72,19798.0
FLR-2024-0075,2024-05-02,NDPR,Emeoha,FS-007,10749.43,15.34,10.7494,571.01,21498.86,125.77,15302.0
FLR-2024-0289,2024-05-03,SPDC,Ikwerre,FS-008,4654.85,19.6,4.6549,247.27,9309.7,54.46,6626.0
FLR-2024-0288,2024-05-03,ExxonMobil,Oyigbo,FS-014,8368.35,19.67,8.3684,444.53,16736.7,97.91,11912.0
FLR-2024-0213,2024-05-04,SPDC,Gokana,FS-012,9953.44,79.95,9.9534,528.73,19906.88,116.45,14168.0
FLR-2024-0054,2024-05-05,NAOC,Oyigbo,FS-009,13475.0,22.22,13.475,715.79,26950.0,157.66,19182.0
FLR-2024-0246,2024-05-05,TotalEnergies,Ahoada West,FS-002,13960.62,36.86,13.9606,741.59,27921.24,163.34,19873.0
FLR-2024-0083,2024-05-13,ExxonMobil,Emeoha,FS-013,5298.02,57.17,5.298,281.43,10596.04,61.99,7542.0
FLR-2024-0014,2024-05-13,SPDC,Bonny,FS-011,3578.92,82.2,3.5789,190.11,7157.84,41.87,5094.0
FLR-2024-0236,2024-05-16,TotalEnergies,Ahoada West,FS-010,10975.56,80.86,10.9756,583.02,21951.12,128.41,15623.0
FLR-2024-0127,2024-05-17,ExxonMobil,Eleme,FS-006,12361.21,43.11,12.3612,656.63,24722.42,144.63,17597.0
FLR-2024-0282,2024-05-19,SPDC,Ikwerre,FS-013,5400.93,83.5,5.4009,286.9,10801.86,63.19,7688.0
FLR-2024-0262,2024-05-20,TotalEnergies,Ahoada West,FS-001,14855.78,25.97,14.8558,789.14,29711.56,173.81,21147.0
FLR-2024-0094,2024-05-22,ExxonMobil,Ikwerre,FS-013,8638.52,68.23,8.6385,458.88,17277.04,101.07,12297.0
FLR-2024-0217,2024-05-27,ExxonMobil,Gokana,FS-001,5218.3,38.23,5.2183,277.2,10436.6,61.05,7428.0
FLR-2024-0012,2024-05-28,TotalEnergies,Ikwerre,FS-007,14563.69,15.88,14.5637,773.62,29127.38,170.4,20732.0
FLR-2024-0101,2024-05-29,ExxonMobil,Bonny,FS-013,955.72,17.73,0.9557,50.77,1911.44,11.18,1360.0
FLR-2024-0086,2024-05-30,ExxonMobil,Ahoada West,FS-005,5215.16,70.26,5.2152,277.03,10430.32,61.02,7424.0
FLR-2024-0093,2024-06-02,NAOC,Bonny,FS-005,11531.38,37.9,11.5314,612.55,23062.76,134.92,16415.0
FLR-2024-0296,2024-06-02,TotalEnergies,Ahoada West,FS-005,8072.53,45.55,8.0725,428.81,16145.06,94.45,11491.0
FLR-2024-0179,2024-06-03,NDPR,Bonny,FS-014,14082.58,82.7,14.0826,748.07,28165.16,164.77,20047.0
FLR-2024-0107,2024-06-04,NAOC,Ikwerre,FS-004,6450.55,39.19,6.4506,342.65,12901.1,75.47,9182.0
FLR-2024-0224,2024-06-05,NAOC,Ahoada West,FS-012,5831.88,73.16,5.8319,309.79,11663.76,68.23,8301.0
FLR-2024-0188,2024-06-05,SPDC,Bonny,FS-008,8550.41,31.07,8.5504,454.2,17100.82,100.04,12172.0
FLR-2024-0069,2024-06-06,NDPR,Emeoha,FS-015,1580.98,24.68,1.581,83.98,3161.96,18.5,2251.0
FLR-2024-0098,2024-06-06,NAOC,Gokana,FS-007,6699.34,42.17,6.6993,355.87,13398.68,78.38,9536.0
FLR-2024-0064,2024-06-08,SPDC,Ikwerre,FS-014,5672.92,50.92,5.6729,301.35,11345.84,66.37,8075.0
FLR-2024-0031,2024-06-09,NDPR,Ahoada West,FS-012,9309.4,36.7,9.3094,494.52,18618.8,108.92,13252.0
FLR-2024-0184,2024-06-10,ExxonMobil,Oyigbo,FS-012,13221.42,57.07,13.2214,702.32,26442.84,154.69,18821.0
FLR-2024-0092,2024-06-12,SPDC,Ikwerre,FS-009,10842.05,40.95,10.842,575.93,21684.1,126.85,15433.0
FLR-2024-0059,2024-06-15,ExxonMobil,Oyigbo,FS-011,1155.8,80.52,1.1558,61.4,2311.6,13.52,1645.0
FLR-2024-0222,2024-06-16,TotalEnergies,Eleme,FS-013,8740.47,38.57,8.7405,464.29,17480.94,102.26,12442.0
FLR-2024-0129,2024-06-21,TotalEnergies,Emeoha,FS-004,600.81,36.32,0.6008,31.92,1201.62,7.03,855.0
FLR-2024-0228,2024-06-24,ExxonMobil,Oyigbo,FS-012,6199.92,30.51,6.1999,329.34,12399.84,72.54,8826.0
FLR-2024-0268,2024-06-25,ExxonMobil,Oyigbo,FS-011,10686.02,42.81,10.686,567.64,21372.04,125.03,15212.0
FLR-2024-0032,2024-06-25,SPDC,Emeoha,FS-005,2972.6,66.84,2.9726,157.9,5945.2,34.78,4232.0
FLR-2024-0151,2024-06-27,SPDC,Ikwerre,FS-002,13669.86,68.29,13.6699,726.14,27339.72,159.94,19459.0
FLR-2024-0300,2024-06-29,NAOC,Ikwerre,FS-001,1737.54,13.07,1.7375,92.3,3475.08,20.33,2473.0
FLR-2024-0038,2024-06-29,NDPR,Bonny,FS-012,1916.25,62.77,1.9162,101.79,3832.5,22.42,2728.0
FLR-2024-0232,2024-07-01,NAOC,Gokana,FS-014,7788.24,84.98,7.7882,413.71,15576.48,91.12,11086.0
FLR-2024-0290,2024-07-01,SPDC,Bonny,FS-010,9067.08,21.39,9.0671,481.64,18134.16,106.09,12908.0
FLR-2024-0275,2024-07-02,SPDC,Emeoha,FS-005,7914.46,74.68,7.9145,420.42,15828.92,92.6,11266.0
FLR-2024-0020,2024-07-03,SPDC,Emeoha,FS-002,4722.82,28.77,4.7228,250.88,9445.64,55.26,6723.0
FLR-2024-0142,2024-07-04,TotalEnergies,Eleme,FS-004,4150.84,84.0,4.1508,220.49,8301.68,48.56,5908.0
FLR-2024-0160,2024-07-04,NAOC,Ikwerre,FS-010,11059.14,18.91,11.0591,587.46,22118.28,129.39,15742.0
FLR-2024-0085,2024-07-04,NDPR,Oyigbo,FS-006,5009.24,65.13,5.0092,266.09,10018.48,58.61,7131.0
FLR-2024-0248,2024-07-05,SPDC,Gokana,FS-001,14516.49,60.37,14.5165,771.12,29032.98,169.84,20664.0
FLR-2024-0257,2024-07-09,NDPR,Ikwerre,FS-004,14074.24,20.05,14.0742,747.62,28148.48,164.67,20035.0
FLR-2024-0136,2024-07-12,NDPR,Emeoha,FS-006,5186.44,62.57,5.1864,275.5,10372.88,60.68,7383.0
FLR-2024-0220,2024-07-12,SPDC,Emeoha,FS-003,12813.74,21.28,12.8137,680.67,25627.48,149.92,18240.0
FLR-2024-0045,2024-07-18,SPDC,Gokana,FS-011,4252.31,39.89,4.2523,225.88,8504.62,49.75,6053.0
FLR-2024-0258,2024-07-19,SPDC,Bonny,FS-004,10592.43,12.16,10.5924,562.67,21184.86,123.93,15078.0
FLR-2024-0201,2024-07-19,SPDC,Ikwerre,FS-005,9809.46,62.36,9.8095,521.08,19618.92,114.77,13964.0
FLR-2024-0048,2024-07-20,NAOC,Gokana,FS-006,8040.99,13.4,8.041,427.14,16081.98,94.08,11446.0
FLR-2024-0131,2024-07-20,NAOC,Eleme,FS-008,6552.46,20.72,6.5525,348.07,13104.92,76.66,9327.0
FLR-2024-0251,2024-07-22,ExxonMobil,Emeoha,FS-006,4769.51,49.01,4.7695,253.36,9539.02,55.8,6789.0
FLR-2024-0130,2024-07-25,TotalEnergies,Bonny,FS-014,7905.84,18.78,7.9058,419.96,15811.68,92.5,11254.0
FLR-2024-0198,2024-07-26,NDPR,Gokana,FS-001,13508.1,15.83,13.5081,717.55,27016.2,158.04,19228.0
FLR-2024-0173,2024-08-02,SPDC,Ahoada West,FS-002,7925.35,13.24,7.9254,420.99,15850.7,92.73,11282.0
FLR-2024-0216,2024-08-02,TotalEnergies,Gokana,FS-013,3940.11,11.98,3.9401,209.3,7880.22,46.1,5609.0
FLR-2024-0211,2024-08-06,SPDC,Ikwerre,FS-012,8456.64,56.01,8.4566,449.22,16913.28,98.94,12038.0
FLR-2024-0095,2024-08-07,SPDC,Ahoada West,FS-009,11679.02,35.56,11.679,620.39,23358.04,136.64,16625.0
FLR-2024-0004,2024-08-13,TotalEnergies,Oyigbo,FS-008,9180.55,57.81,9.1805,487.67,18361.1,107.41,13068.0
FLR-2024-0231,2024-08-14,NAOC,Eleme,FS-004,12024.76,70.97,12.0248,638.76,24049.52,140.69,17117.0
FLR-2024-0073,2024-08-14,TotalEnergies,Eleme,FS-006,580.07,17.08,0.5801,30.81,1160.14,6.79,826.0
FLR-2024-0050,2024-08-14,NDPR,Eleme,FS-014,3180.39,56.94,3.1804,168.94,6360.78,37.21,4527.0
FLR-2024-0241,2024-08-15,NAOC,Gokana,FS-009,14136.65,81.55,14.1366,750.94,28273.3,165.4,20124.0
FLR-2024-0175,2024-08-15,ExxonMobil,Emeoha,FS-014,9855.01,49.58,9.855,523.5,19710.02,115.3,14028.0
FLR-2024-0023,2024-08-17,ExxonMobil,Ikwerre,FS-007,4736.1,59.51,4.7361,251.58,9472.2,55.41,6742.0
FLR-2024-0167,2024-08-23,SPDC,Bonny,FS-003,5151.31,31.43,5.1513,273.64,10302.62,60.27,7333.0
FLR-2024-0163,2024-08-24,ExxonMobil,Ahoada West,FS-009,9686.18,65.95,9.6862,514.53,19372.36,113.33,13788.0
FLR-2024-0132,2024-08-26,SPDC,Bonny,FS-015,3720.56,67.11,3.7206,197.64,7441.12,43.53,5296.0
FLR-2024-0181,2024-08-28,ExxonMobil,Ahoada West,FS-006,5445.46,57.2,5.4455,289.26,10890.92,63.71,7751.0
FLR-2024-0299,2024-08-29,NAOC,Emeoha,FS-003,9531.91,24.42,9.5319,506.34,19063.82,111.52,13568.0
FLR-2024-0089,2024-09-02,TotalEnergies,Ahoada West,FS-013,13364.58,66.3,13.3646,709.93,26729.16,156.37,19025.0
FLR-2024-0010,2024-09-02,TotalEnergies,Gokana,FS-011,10767.05,30.31,10.767,571.95,21534.1,125.97,15326.0
FLR-2024-0076,2024-09-05,NDPR,Gokana,FS-011,11070.6,33.92,11.0706,588.07,22141.2,129.53,15759.0
FLR-2024-0060,2024-09-05,NAOC,Eleme,FS-006,5217.29,53.16,5.2173,277.14,10434.58,61.04,7427.0
FLR-2024-0229,2024-09-14,ExxonMobil,Gokana,FS-011,13434.68,14.23,13.4347,713.65,26869.36,157.19,19125.0
FLR-2024-0016,2024-09-15,NAOC,Bonny,FS-015,3159.37,62.2,3.1594,167.83,6318.74,36.96,4497.0
FLR-2024-0126,2024-09-15,NDPR,Eleme,FS-015,6693.06,51.21,6.6931,355.54,13386.12,78.31,9528.0
FLR-2024-0109,2024-09-16,NAOC,Eleme,FS-006,3817.57,77.9,3.8176,202.79,7635.14,44.67,5435.0
FLR-2024-0057,2024-09-17,TotalEnergies,Ahoada West,FS-012,1783.14,11.99,1.7831,94.72,3566.28,20.86,2538.0
FLR-2024-0030,2024-09-25,NAOC,Eleme,FS-008,1173.53,28.58,1.1735,62.34,2347.06,13.73,1670.0
FLR-2024-0253,2024-09-28,SPDC,Ikwerre,FS-003,12841.48,51.39,12.8415,682.14,25682.96,150.25,18280.0
FLR-2024-0277,2024-09-28,NAOC,Emeoha,FS-008,12075.28,21.03,12.0753,641.44,24150.56,141.28,17189.0
FLR-2024-0223,2024-09-29,SPDC,Oyigbo,FS-015,1858.28,82.74,1.8583,98.71,3716.56,21.74,2645.0
FLR-2024-0058,2024-09-29,NAOC,Ikwerre,FS-010,3341.75,53.93,3.3418,177.51,6683.5,39.1,4757.0
FLR-2024-0018,2024-09-30,SPDC,Ikwerre,FS-015,8108.97,23.0,8.109,430.75,16217.94,94.88,11544.0
FLR-2024-0190,2024-10-06,NAOC,Bonny,FS-001,4006.86,76.77,4.0069,212.84,8013.72,46.88,5704.0
FLR-2024-0149,2024-10-09,SPDC,Gokana,FS-001,1246.44,38.22,1.2464,66.21,2492.88,14.58,1774.0
FLR-2024-0260,2024-10-10,NDPR,Gokana,FS-006,1909.06,56.52,1.9091,101.41,3818.12,22.34,2718.0
FLR-2024-0119,2024-10-15,ExxonMobil,Eleme,FS-006,13442.11,60.44,13.4421,714.04,26884.22,157.27,19135.0
FLR-2024-0103,2024-10-17,TotalEnergies,Bonny,FS-015,5058.16,47.89,5.0582,268.69,10116.32,59.18,7200.0
FLR-2024-0116,2024-10-17,SPDC,Eleme,FS-004,13136.18,43.63,13.1362,697.79,26272.36,153.69,18699.0
FLR-2024-0108,2024-10-18,ExxonMobil,Bonny,FS-012,11455.49,10.81,11.4555,608.52,22910.98,134.03,16307.0
FLR-2024-0210,2024-10-20,TotalEnergies,Bonny,FS-012,2831.72,64.43,2.8317,150.42,5663.44,33.13,4031.0
FLR-2024-0233,2024-10-21,TotalEnergies,Gokana,FS-010,8865.11,84.75,8.8651,470.91,17730.22,103.72,12619.0
FLR-2024-0286,2024-10-24,NAOC,Oyigbo,FS-012,1021.16,28.01,1.0212,54.24,2042.32,11.95,1454.0
FLR-2024-0202,2024-10-24,SPDC,Ikwerre,FS-004,1720.03,50.21,1.72,91.37,3440.06,20.12,2448.0
FLR-2024-0051,2024-10-25,ExxonMobil,Ahoada West,FS-005,14558.98,47.74,14.559,773.37,29117.96,170.34,20725.0
FLR-2024-0294,2024-10-26,TotalEnergies,Gokana,FS-014,5722.76,35.93,5.7228,303.99,11445.52,66.96,8147.0
FLR-2024-0182,2024-10-28,SPDC,Ahoada West,FS-002,2145.37,62.18,2.1454,113.96,4290.74,25.1,3054.0
FLR-2024-0265,2024-10-28,NDPR,Gokana,FS-014,13221.91,36.29,13.2219,702.35,26443.82,154.7,18822.0
FLR-2024-0027,2024-11-01,ExxonMobil,Ikwerre,FS-007,3395.27,51.58,3.3953,180.36,6790.54,39.73,4834.0
FLR-2024-0287,2024-11-03,ExxonMobil,Emeoha,FS-006,7251.17,15.69,7.2512,385.18,14502.34,84.84,10322.0
FLR-2024-0271,2024-11-05,TotalEnergies,Gokana,FS-002,12235.74,48.55,12.2357,649.96,24471.48,143.16,17418.0
FLR-2024-0180,2024-11-07,SPDC,Oyigbo,FS-014,2494.05,49.23,2.494,132.48,4988.1,29.18,3550.0
FLR-2024-0047,2024-11-09,ExxonMobil,Ikwerre,FS-003,5019.81,57.63,5.0198,266.65,10039.62,58.73,7145.0
FLR-2024-0285,2024-11-16,TotalEnergies,Ikwerre,FS-003,8885.06,57.51,8.8851,471.97,17770.12,103.96,12648.0
FLR-2024-0015,2024-11-20,ExxonMobil,Ikwerre,FS-009,3136.46,72.7,3.1365,166.61,6272.92,36.7,4465.0
FLR-2024-0134,2024-11-24,TotalEnergies,Emeoha,FS-011,5395.42,17.58,5.3954,286.6,10790.84,63.13,7681.0
FLR-2024-0186,2024-11-24,ExxonMobil,Gokana,FS-015,10069.77,77.59,10.0698,534.91,20139.54,117.82,14335.0
FLR-2024-0280,2024-11-24,TotalEnergies,Eleme,FS-009,12038.99,29.37,12.039,639.51,24077.98,140.86,17138.0
FLR-2024-0187,2024-11-26,TotalEnergies,Ikwerre,FS-009,12349.72,13.41,12.3497,656.02,24699.44,144.49,17580.0
FLR-2024-0049,2024-11-26,TotalEnergies,Eleme,FS-009,8427.3,38.1,8.4273,447.66,16854.6,98.6,11996.0
FLR-2024-0088,2024-11-28,NDPR,Eleme,FS-015,9744.58,23.31,9.7446,517.63,19489.16,114.01,13871.0
FLR-2024-0292,2024-11-29,SPDC,Ikwerre,FS-007,1041.55,58.07,1.0416,55.33,2083.1,12.19,1483.0
FLR-2024-0137,2024-11-30,ExxonMobil,Ikwerre,FS-001,8022.46,15.46,8.0225,426.15,16044.92,93.86,11420.0
FLR-2024-0209,2024-11-30,SPDC,Ikwerre,FS-015,573.39,81.23,0.5734,30.46,1146.78,6.71,816.0
FLR-2024-0112,2024-12-01,NDPR,Gokana,FS-010,2837.71,81.25,2.8377,150.74,5675.42,33.2,4039.0
FLR-2024-0200,2024-12-07,ExxonMobil,Ahoada West,FS-004,11808.2,83.97,11.8082,627.25,23616.4,138.16,16809.0
FLR-2024-0122,2024-12-07,SPDC,Gokana,FS-013,13493.32,69.22,13.4933,716.77,26986.64,157.87,19208.0
FLR-2024-0074,2024-12-08,SPDC,Ahoada West,FS-001,12324.19,61.23,12.3242,654.66,24648.38,144.19,17543.0
FLR-2024-0214,2024-12-11,NDPR,Ahoada West,FS-007,3751.9,74.95,3.7519,199.3,7503.8,43.9,5341.0
FLR-2024-0013,2024-12-11,TotalEnergies,Bonny,FS-005,12570.42,11.9,12.5704,667.74,25140.84,147.07,17894.0
FLR-2024-0219,2024-12-11,NDPR,Emeoha,FS-005,9919.68,84.05,9.9197,526.93,19839.36,116.06,14121.0
FLR-2024-0150,2024-12-12,TotalEnergies,Ahoada West,FS-007,4540.37,16.26,4.5404,241.18,9080.74,53.12,6463.0
FLR-2024-0008,2024-12-13,TotalEnergies,Ahoada West,FS-014,13059.55,34.22,13.0596,693.72,26119.1,152.8,18591.0
FLR-2024-0044,2024-12-13,NAOC,Ahoada West,FS-008,13685.15,42.54,13.6852,726.96,27370.3,160.12,19481.0
FLR-2024-0028,2024-12-14,SPDC,Oyigbo,FS-004,7956.4,55.88,7.9564,422.64,15912.8,93.09,11326.0
FLR-2024-0099,2024-12-17,TotalEnergies,Emeoha,FS-014,868.58,66.32,0.8686,46.14,1737.16,10.16,1236.0
FLR-2024-0009,2024-12-18,SPDC,Ikwerre,FS-009,9216.17,69.64,9.2162,489.56,18432.34,107.83,13119.0
FLR-2024-0177,2024-12-19,NAOC,Gokana,FS-015,10518.6,15.53,10.5186,558.75,21037.2,123.07,14974.0
FLR-2024-0141,2024-12-19,NAOC,Ikwerre,FS-001,14455.49,16.36,14.4555,767.88,28910.98,169.13,20577.0
FLR-2024-0212,2024-12-20,NDPR,Ahoada West,FS-002,10532.48,41.37,10.5325,559.49,21064.96,123.23,14993.0
FLR-2024-0139,2024-12-22,SPDC,Ahoada West,FS-001,5772.63,62.97,5.7726,306.64,11545.26,67.54,8217.0
FLR-2024-0158,2024-12-23,NDPR,Eleme,FS-010,11543.48,45.15,11.5435,613.19,23086.96,135.06,16432.0
FLR-2024-0276,2024-12-24,NDPR,Gokana,FS-010,7771.99,81.21,7.772,412.85,15543.98,90.93,11063.0
FLR-2024-0234,2024-12-24,ExxonMobil,Bonny,FS-007,7641.51,51.66,7.6415,405.92,15283.02,89.41,10878.0
FLR-2024-0284,2024-12-29,TotalEnergies,Ahoada West,FS-014,1862.74,34.66,1.8627,98.95,3725.48,21.79,2651.0
FLR-2024-0189,2025-01-01,TotalEnergies,Ikwerre,FS-009,8179.93,81.28,8.1799,434.52,16359.86,95.7,11644.0
FLR-2024-0118,2025-01-05,ExxonMobil,Ahoada West,FS-004,3205.27,34.65,3.2053,170.26,6410.54,37.5,4562.0
FLR-2024-0247,2025-01-05,ExxonMobil,Emeoha,FS-001,6708.67,18.52,6.7087,356.36,13417.34,78.49,9550.0
FLR-2024-0199,2025-01-07,NDPR,Ahoada West,FS-013,13362.75,83.08,13.3628,709.83,26725.5,156.34,19021.0
FLR-2024-0067,2025-01-07,ExxonMobil,Ahoada West,FS-009,2543.4,82.09,2.5434,135.11,5086.8,29.76,3621.0
FLR-2024-0021,2025-01-10,NAOC,Ahoada West,FS-007,9371.87,51.19,9.3719,497.83,18743.74,109.65,13341.0
FLR-2024-0273,2025-01-11,TotalEnergies,Oyigbo,FS-011,13072.55,39.74,13.0726,694.41,26145.1,152.95,18609.0
FLR-2024-0024,2025-01-11,NAOC,Oyigbo,FS-001,5812.25,31.0,5.8122,308.75,11624.5,68.0,8273.0
FLR-2024-0254,2025-01-17,TotalEnergies,Ikwerre,FS-009,5095.37,52.07,5.0954,270.67,10190.74,59.62,7254.0
FLR-2024-0113,2025-01-17,NAOC,Bonny,FS-015,13980.62,81.3,13.9806,742.65,27961.24,163.57,19901.0
FLR-2024-0243,2025-01-17,ExxonMobil,Bonny,FS-002,13765.53,27.15,13.7655,731.22,27531.06,161.06,19596.0
FLR-2024-0245,2025-01-17,ExxonMobil,Ikwerre,FS-012,724.12,56.36,0.7241,38.47,1448.24,8.47,1031.0
FLR-2024-0155,2025-01-19,SPDC,Bonny,FS-013,14791.93,18.34,14.7919,785.75,29583.86,173.07,21057.0
FLR-2024-0003,2025-01-19,SPDC,Ikwerre,FS-004,11113.91,50.55,11.1139,590.37,22227.82,130.03,15820.0
FLR-2024-0230,2025-01-19,NAOC,Gokana,FS-011,9651.51,74.85,9.6515,512.69,19303.02,112.92,13739.0
FLR-2024-0062,2025-01-24,SPDC,Oyigbo,FS-004,4434.56,58.25,4.4346,235.56,8869.12,51.88,6312.0
FLR-2024-0278,2025-01-25,SPDC,Ikwerre,FS-008,9924.48,79.49,9.9245,527.19,19848.96,116.12,14128.0
FLR-2024-0270,2025-01-25,TotalEnergies,Emeoha,FS-005,4757.08,36.12,4.7571,252.7,9514.16,55.66,6772.0
FLR-2024-0070,2025-01-25,NDPR,Bonny,FS-006,14809.86,15.2,14.8099,786.7,29619.72,173.28,21082.0
FLR-2024-0259,2025-01-26,NAOC,Bonny,FS-006,8765.89,66.64,8.7659,465.64,17531.78,102.56,12478.0
FLR-2024-0194,2025-01-27,SPDC,Ikwerre,FS-004,9679.97,24.11,9.68,514.2,19359.94,113.26,13780.0
FLR-2024-0206,2025-01-27,TotalEnergies,Oyigbo,FS-012,633.36,22.2,0.6334,33.64,1266.72,7.41,902.0
FLR-2024-0172,2025-01-29,ExxonMobil,Ahoada West,FS-010,740.52,82.74,0.7405,39.34,1481.04,8.66,1054.0
FLR-2024-0046,2025-01-31,NDPR,Ahoada West,FS-001,10106.57,56.19,10.1066,536.86,20213.14,118.25,14387.0
FLR-2024-0011,2025-02-04,ExxonMobil,Eleme,FS-005,798.48,42.92,0.7985,42.42,1596.96,9.34,1136.0
FLR-2024-0117,2025-02-06,ExxonMobil,Eleme,FS-001,12153.25,31.99,12.1532,645.58,24306.5,142.19,17300.0
FLR-2024-0161,2025-02-06,NDPR,Ikwerre,FS-008,5832.86,18.81,5.8329,309.84,11665.72,68.24,8303.0
FLR-2024-0166,2025-02-06,ExxonMobil,Oyigbo,FS-008,12611.89,38.12,12.6119,669.94,25223.78,147.56,17953.0
FLR-2024-0082,2025-02-08,TotalEnergies,Emeoha,FS-005,9537.82,62.26,9.5378,506.65,19075.64,111.59,13577.0
FLR-2024-0087,2025-02-10,ExxonMobil,Bonny,FS-001,11079.29,31.15,11.0793,588.53,22158.58,129.63,15772.0
FLR-2024-0267,2025-02-13,SPDC,Gokana,FS-009,10606.73,39.42,10.6067,563.43,21213.46,124.1,15099.0
FLR-2024-0080,2025-02-18,ExxonMobil,Bonny,FS-001,2180.1,31.14,2.1801,115.81,4360.2,25.51,3104.0
FLR-2024-0053,2025-02-18,ExxonMobil,Ikwerre,FS-013,14122.73,59.4,14.1227,750.2,28245.46,165.24,20104.0
FLR-2024-0250,2025-02-20,SPDC,Emeoha,FS-007,12868.64,67.92,12.8686,683.58,25737.28,150.56,18318.0
FLR-2024-0174,2025-02-21,NDPR,Ahoada West,FS-014,3784.19,76.84,3.7842,201.02,7568.38,44.28,5387.0
FLR-2024-0153,2025-02-23,SPDC,Emeoha,FS-008,2600.98,41.82,2.601,138.16,5201.96,30.43,3702.0
FLR-2024-0170,2025-02-23,ExxonMobil,Emeoha,FS-006,9067.95,82.24,9.068,481.69,18135.9,106.1,12909.0
FLR-2024-0237,2025-02-25,ExxonMobil,Ahoada West,FS-011,4571.2,73.72,4.5712,242.82,9142.4,53.48,6507.0
FLR-2024-0159,2025-02-27,NAOC,Eleme,FS-015,3945.74,14.22,3.9457,209.6,7891.48,46.16,5616.0
FLR-2024-0056,2025-03-04,NAOC,Bonny,FS-003,13867.18,58.18,13.8672,736.62,27734.36,162.25,19740.0
FLR-2024-0025,2025-03-05,SPDC,Gokana,FS-006,7113.01,81.61,7.113,377.84,14226.02,83.22,10125.0
FLR-2024-0084,2025-03-05,SPDC,Bonny,FS-012,1421.6,75.81,1.4216,75.52,2843.2,16.63,2023.0
FLR-2024-0178,2025-03-07,NDPR,Ikwerre,FS-010,6107.66,51.54,6.1077,324.44,12215.32,71.46,8694.0
FLR-2024-0039,2025-03-09,NDPR,Emeoha,FS-010,10421.38,45.56,10.4214,553.58,20842.76,121.93,14835.0
FLR-2024-0162,2025-03-09,NDPR,Oyigbo,FS-010,9668.43,58.69,9.6684,513.59,19336.86,113.12,13763.0
FLR-2024-0242,2025-03-12,SPDC,Eleme,FS-013,14331.96,55.46,14.332,761.31,28663.92,167.68,20401.0
FLR-2024-0168,2025-03-13,NDPR,Gokana,FS-005,3204.52,75.14,3.2045,170.22,6409.04,37.49,4561.0
FLR-2024-0147,2025-03-14,SPDC,Gokana,FS-006,9338.68,83.95,9.3387,496.07,18677.36,109.26,13293.0
FLR-2024-0191,2025-03-15,NAOC,Gokana,FS-003,1849.99,44.17,1.85,98.27,3699.98,21.64,2633.0
FLR-2024-0165,2025-03-15,NDPR,Ikwerre,FS-015,1809.2,82.16,1.8092,96.1,3618.4,21.17,2576.0
FLR-2024-0138,2025-03-15,SPDC,Ahoada West,FS-010,10693.77,71.64,10.6938,568.05,21387.54,125.12,15223.0
FLR-2024-0043,2025-03-16,ExxonMobil,Eleme,FS-011,998.63,22.99,0.9986,53.05,1997.26,11.68,1421.0
FLR-2024-0097,2025-03-19,NDPR,Bonny,FS-015,8079.63,74.38,8.0796,429.19,16159.26,94.53,11501.0
FLR-2024-0266,2025-03-19,NDPR,Gokana,FS-006,11241.14,54.24,11.2411,597.13,22482.28,131.52,16002.0
FLR-2024-0001,2025-03-19,SPDC,Eleme,FS-009,5930.83,13.88,5.9308,315.05,11861.66,69.39,8442.0
FLR-2024-0295,2025-03-21,ExxonMobil,Eleme,FS-004,2342.38,77.26,2.3424,124.43,4684.76,27.41,3335.0
FLR-2024-0026,2025-03-22,ExxonMobil,Oyigbo,FS-003,11885.05,65.34,11.885,631.33,23770.1,139.05,16918.0
FLR-2024-0195,2025-03-23,SPDC,Gokana,FS-012,5415.93,44.78,5.4159,287.69,10831.86,63.37,7710.0
FLR-2024-0244,2025-03-23,TotalEnergies,Ikwerre,FS-014,5867.3,60.38,5.8673,311.67,11734.6,68.65,8352.0
FLR-2024-0171,2025-03-24,ExxonMobil,Emeoha,FS-014,10324.68,10.91,10.3247,548.45,20649.36,120.8,14697.0
FLR-2024-0235,2025-03-27,NAOC,Ikwerre,FS-004,3331.02,67.67,3.331,176.94,6662.04,38.97,4741.0
FLR-2024-0272,2025-03-27,NDPR,Gokana,FS-009,12246.64,68.77,12.2466,650.54,24493.28,143.29,17434.0
FLR-2024-0077,2025-03-28,TotalEnergies,Eleme,FS-014,11683.42,73.37,11.6834,620.62,23366.84,136.7,16632.0
FLR-2024-0071,2025-03-28,TotalEnergies,Eleme,FS-011,11697.55,17.56,11.6976,621.37,23395.1,136.86,16651.0
FLR-2024-0169,2025-03-28,NAOC,Ahoada West,FS-008,1091.24,26.77,1.0912,57.97,2182.48,12.77,1554.0
FLR-2024-0298,2025-03-31,NDPR,Ahoada West,FS-002,3629.4,22.92,3.6294,192.79,7258.8,42.46,5166.0
FLR-2024-0068,2025-04-01,SPDC,Eleme,FS-001,12131.86,77.9,12.1319,644.44,24263.72,141.94,17269.0
FLR-2024-0156,2025-04-03,NAOC,Bonny,FS-007,4009.8,46.95,4.0098,213.0,8019.6,46.91,5707.0
FLR-2024-0207,2025-04-04,TotalEnergies,Emeoha,FS-010,1971.34,78.32,1.9713,104.72,3942.68,23.06,2806.0
FLR-2024-0226,2025-04-04,ExxonMobil,Eleme,FS-006,4037.85,45.15,4.0378,214.49,8075.7,47.24,5748.0
FLR-2024-0148,2025-04-04,NDPR,Ikwerre,FS-004,7788.85,66.5,7.7888,413.74,15577.7,91.13,11087.0
FLR-2024-0022,2025-04-08,NDPR,Ikwerre,FS-014,2522.66,63.59,2.5227,134.0,5045.32,29.52,3592.0
FLR-2024-0249,2025-04-09,ExxonMobil,Gokana,FS-013,14472.49,49.02,14.4725,768.78,28944.98,169.33,20602.0
FLR-2024-0079,2025-04-12,NDPR,Ahoada West,FS-002,5697.75,71.09,5.6978,302.66,11395.5,66.66,8110.0
FLR-2024-0128,2025-04-14,SPDC,Bonny,FS-005,12980.59,76.58,12.9806,689.53,25961.18,151.87,18478.0
FLR-2024-0040,2025-04-14,NDPR,Eleme,FS-007,6882.21,17.34,6.8822,365.58,13764.42,80.52,9797.0
FLR-2024-0037,2025-04-18,ExxonMobil,Eleme,FS-001,4916.9,74.16,4.9169,261.19,9833.8,57.53,6999.0
FLR-2024-0035,2025-04-19,NDPR,Eleme,FS-002,14501.66,13.45,14.5017,770.33,29003.32,169.67,20643.0
FLR-2024-0140,2025-04-21,NDPR,Emeoha,FS-004,14590.84,16.1,14.5908,775.07,29181.68,170.71,20770.0
FLR-2024-0240,2025-04-23,NDPR,Ahoada West,FS-002,3068.1,19.69,3.0681,162.98,6136.2,35.9,4368.0
FLR-2024-0208,2025-04-24,NDPR,Ahoada West,FS-007,10120.78,71.69,10.1208,537.62,20241.56,118.41,14407.0
FLR-2024-0274,2025-04-26,SPDC,Bonny,FS-010,13741.99,56.66,13.742,729.97,27483.98,160.78,19562.0
FLR-2024-0176,2025-04-27,ExxonMobil,Gokana,FS-007,3028.31,84.47,3.0283,160.86,6056.62,35.43,4311.0
FLR-2024-0193,2025-04-30,NAOC,Eleme,FS-012,13556.06,30.8,13.5561,720.1,27112.12,158.61,19298.0
FLR-2024-0081,2025-05-01,NDPR,Bonny,FS-011,13015.0,18.86,13.015,691.36,26030.0,152.28,18527.0
FLR-2024-0135,2025-05-04,SPDC,Gokana,FS-014,14172.19,16.31,14.1722,752.83,28344.38,165.81,20174.0
FLR-2024-0196,2025-05-06,NDPR,Emeoha,FS-010,5563.54,36.5,5.5635,295.54,11127.08,65.09,7919.0
FLR-2024-0072,2025-05-09,NDPR,Emeoha,FS-013,3381.38,11.37,3.3814,179.62,6762.76,39.56,4813.0
FLR-2024-0218,2025-05-10,NDPR,Ikwerre,FS-015,11324.13,70.79,11.3241,601.54,22648.26,132.49,16120.0
FLR-2024-0264,2025-05-10,TotalEnergies,Oyigbo,FS-009,8015.78,11.09,8.0158,425.8,16031.56,93.78,11410.0
FLR-2024-0104,2025-05-10,ExxonMobil,Emeoha,FS-003,7874.28,71.98,7.8743,418.28,15748.56,92.13,11209.0
FLR-2024-0256,2025-05-10,NAOC,Gokana,FS-001,8573.62,40.26,8.5736,455.43,17147.24,100.31,12204.0
FLR-2024-0261,2025-05-12,SPDC,Oyigbo,FS-007,9417.6,62.81,9.4176,500.26,18835.2,110.19,13406.0
FLR-2024-0114,2025-05-13,TotalEnergies,Emeoha,FS-014,12217.75,53.01,12.2178,649.01,24435.5,142.95,17392.0
FLR-2024-0203,2025-05-13,ExxonMobil,Eleme,FS-005,2843.62,33.21,2.8436,151.05,5687.24,33.27,4048.0
FLR-2024-0115,2025-05-14,SPDC,Gokana,FS-008,9684.35,57.39,9.6844,514.43,19368.7,113.31,13786.0
FLR-2024-0238,2025-05-15,SPDC,Ahoada West,FS-011,852.58,28.55,0.8526,45.29,1705.16,9.98,1214.0
FLR-2024-0252,2025-05-15,ExxonMobil,Bonny,FS-007,6083.92,73.91,6.0839,323.18,12167.84,71.18,8660.0
